Gap Title,Severity,Country,Gap Type,Business Activity,Description,Recommended Actions,Deadline,Estimated Cost
Germany Data Protection Regulation,critical,Germany,Data Protection,,"This startup's activity has potential compliance gaps with the Germany Data Protection Regulation, given its handling of sensitive data in a stringent regulatory environment.  Here's a breakdown:

**G...","* **Recommended Actions:**; * **Recommended Actions:**  Implement clear processes for handling data subject requests.  This includes designating a point of contact, establishing response timelines, and developing procedures for verifying user identity and fulfilling requests.; * **Recommended Actions:** Develop and implement a data breach response plan, including procedures for identifying, assessing, and reporting data breaches.  This plan should include clear communication channels and designated responsibilities.; * **Recommended Actions:**  Conduct a thorough assessment to determine if a DPO is required under GDPR.  If so, appoint a qualified DPO and provide them with the necessary resources and support.; This analysis highlights potential compliance gaps.  A thorough legal review and consultation with a German data protection expert are strongly recommended to ensure full compliance with the GDPR and BDSG.",72 hours,
EU Data Protection Regulation,critical,EU,Data Protection,,"This startup has potential compliance gaps with the EU Data Protection Regulation (GDPR), given its handling of sensitive data in Germany.  Here's a breakdown:

**Gap 1: Data Protection - Lawful Basis...","* **Recommended Actions:**  Document the chosen lawful basis for each data type.  If relying on consent, implement mechanisms to obtain freely given, specific, informed, and unambiguous consent.  Review Article 9 for health data and relevant national laws implementing GDPR for financial data in Germany.; * **Recommended Actions:** Implement appropriate technical and organizational measures, including but not limited to: encryption, access controls, pseudonymization/anonymization where possible, data breach response plan, regular security assessments, staff training.; * **Recommended Actions:** Establish clear procedures for handling data subject requests.  Designate a Data Protection Officer (DPO) if required under Article 37 (e.g., if processing is large scale or involves special categories of data).; * **Recommended Actions:** Determine where data is stored and processed. If outside the EU, implement appropriate safeguards for data transfers.; * **Recommended Actions:** Develop and implement a data breach response plan, including procedures for identifying, assessing, containing, and reporting breaches.",,
Germany Data Protection Regulation,critical,Germany,Licensing,,"This startup has potential compliance gaps with the Germany Data Protection Regulation, given its handling of sensitive data, specifically in the healthcare payment processing space.  Here's a breakdo...","* **Recommended Actions:**; * **Recommended Actions:**; * **Recommended Actions:**; * **Recommended Actions:**; This analysis highlights potential compliance gaps.  A comprehensive legal review by a German legal expert specializing in data protection, especially in healthcare and finance, is strongly recommended to ensure full compliance with the GDPR and other relevant German regulations.",,
BDSG - Official Text,critical,Germany,Data Protection,,"## Compliance Gap Analysis: Healthcare Communication Startup & BDSG (Germany)

This analysis identifies potential compliance gaps between a healthcare communication services startup operating in Germa...",**Recommendations:**,,
Germany Regulatory Requirement #1 for **Germany,critical,Germany,Data Protection,,"## Analysis of GDPR Compliance Gaps for Healthcare Communication Service Startups in Germany

Based on the provided title ""Guidance on GDPR Compliance for Healthcare Startups Processing Health and Fin...",Consult with legal expert; Review full regulation details,,
Germany Data Protection Regulation,critical,Germany,Data Protection,,"## Compliance Gap Analysis: Healthcare Communication Startup in Germany

**Startup Activity:** Communication services in Healthcare
**Regulation:** German Data Protection Requirements (primarily GDPR,...",**Recommendations for Closing Compliance Gaps:**,,
KWG - Official Text,critical,Germany,Licensing,,The core issue is a mismatch between the startup's activity and the regulation cited.  KWG (Kreditwesengesetz) focuses on financial institutions and services in Germany.  A healthcare communication se...,Consult with legal expert; Review full regulation details,,
Germany Regulatory Requirement #2 for **Germany,critical,Germany,Data Protection,,"## Compliance Gap Analysis: Healthcare Communication Startup & BSI Guidance

This analysis identifies potential compliance gaps between a healthcare communication services startup and the BSI Guidance...",**Recommendations:**,,
BDSG - Official Text,critical,Germany,Data Protection,,"## Compliance Gap Analysis: Healthcare Marketplace Startup in Germany (BDSG)

This analysis identifies potential compliance gaps between a healthcare marketplace startup operating in Germany and the r...","This analysis identifies potential compliance gaps between a healthcare marketplace startup operating in Germany and the requirements of the Bundesdatenschutzgesetz (BDSG), the German Federal Data Protection Act, specifically as it relates to healthcare businesses.  Note that this analysis focuses on the BDSG and does not cover the GDPR, which also applies and has stricter requirements.  A separate analysis for GDPR compliance is recommended.; * **Requirement:**  While not always mandatory under BDSG, appointing a DPO is highly recommended, especially for businesses handling sensitive health data.; **Recommendations:**",,
Germany Regulatory Requirement #1 for **Germany,critical,Germany,Data Protection,,"## Analysis of GDPR Compliance Gaps for Healthcare Marketplace Startups in Germany

Based on the provided title ""Guidance on GDPR Compliance for Healthcare Startups Processing Health and Financial Dat...",This analysis provides a general overview.  A detailed gap assessment requires reviewing the actual GDPR guidance document and the specific operations of the healthcare marketplace startup.  Consulting with legal experts specializing in GDPR and healthcare data privacy is highly recommended.,,
ZAG - Official Text,critical,Germany,Licensing,,"## Compliance Gap Analysis: Healthcare Marketplace Startup vs. ZAG (Germany)

This analysis examines potential compliance gaps for a healthcare marketplace startup operating in Germany concerning the ...",* **Legal Counsel:** Consulting with legal experts specializing in German fintech regulation is highly recommended to ensure full compliance.,,
BDSG - Official Text,critical,Germany,Licensing,,"The BDSG (Bundesdatenschutzgesetz), now largely superseded by the GDPR (General Data Protection Regulation) and supplemented by the BDSG-neu (new BDSG), focuses on data protection.  While it's framed ...",Consult with legal expert; Review full regulation details,,
KWG - Official Text,critical,Germany,Licensing,,"The core issue is a mismatch between the regulation and the startup's activity.  KWG (Kreditwesengesetz) focuses on financial services, specifically those related to banking, lending, and payment serv...",**Recommendations:**,,
BDSG - Official Text,medium,Germany,Regulatory,,"* **Data protection and patient privacy:**  BDSG (now largely superseded by GDPR but with some remaining healthcare-specific provisions) mandates strict rules on collecting, processing, and storing pa...",Review full regulation; Consult legal expert,,
Germany Regulatory Requirement #1 for **Germany,medium,Germany,Regulatory,,"* **Data minimization & purpose limitation:** Only collect and process necessary health and financial data for specified, explicit, and legitimate purposes.
* **Informed consent:** Obtain explicit con...",Review full regulation; Consult legal expert,,
KWG - Official Text,medium,Germany,Regulatory,,"A healthcare startup in Germany, even with fintech elements, is unlikely to be primarily regulated by the KWG (German Banking Act), which focuses on financial services.  KWG compliance would only be r...",Review full regulation; Consult legal expert,,
United States Data Protection Regulation,medium,United States,Regulatory,,"While the startup operates in Germany, if it processes health data of US citizens or residents, US data protection laws like HIPAA and potentially state-level regulations will apply, regardless of the...",Review full regulation; Consult legal expert,,
United Kingdom Data Protection Regulation,medium,United Kingdom,Regulatory,,"While the startup operates in Germany, if it processes data of UK residents, the UK GDPR applies.  This means the startup *must* comply with UK data protection requirements regardless of its location....",Review full regulation; Consult legal expert,,
Global Data Protection Regulation,medium,Global,Regulatory,,"GDPR (since it applies to processing personal data of EU residents, regardless of company location).  German Federal Data Protection Act (BDSG), as it supplements and clarifies GDPR application in Ger...",Review full regulation; Consult legal expert,,
